{"bio": {"age": 40, "birthdate": "December 30, 1984", "country": null, "school": "St. Vincent-St. Mary HS (OH)", "draft_year": "2003", "draft_round": "1", "draft_number": "1", "height": null, "weight": null, "season_exp": 21}, "current_season_stats": {"season": "2024-25", "team": "LAL", "games_played": 57, "games_started": 57, "min": 34.89473684210526, "pts": 25.05263157894737, "reb": 8.105263157894736, "ast": 8.526315789473685, "stl": 0.9122807017543859, "blk": 0.6140350877192983, "turnover": 3.9473684210526314, "fg_pct": 0.518, "fg3_pct": 0.391, "ft_pct": 0.779, "off_rating": 0.0, "def_rating": 0.0, "fg_m": 9.543859649122806, "fg_a": 18.42105263157895, "fg3_m": 2.3157894736842106, "fg3_a": 5.9298245614035086, "ft_m": 3.6491228070175437, "ft_a": 4.684210526315789, "oreb": 1.0, "dreb": 7.105263157894737, "totals": {"total_points": 1428.0, "total_rebounds": 462.0, "total_assists": 486.0, "total_steals": 52.0, "total_blocks": 35.0, "total_minutes": 1989.0}}, "career_stats": [{"season": "2023-24", "team": "LAL", "games_played": 71, "games_started": 71, "min": 35.267605633802816, "pts": 25.661971830985916, "reb": 7.295774647887324, "ast": 8.295774647887324, "stl": 1.2535211267605635, "blk": 0.5352112676056338, "turnover": 3.4507042253521125, "fg_pct": 0.54, "fg3_pct": 0.41, "ft_pct": 0.75, "off_rating": 0.0, "def_rating": 0.0, "fg_m": 9.647887323943662, "fg_a": 17.87323943661972, "fg3_m": 2.0985915492957745, "fg3_a": 5.112676056338028, "ft_m": 4.267605633802817, "ft_a": 5.690140845070423, "oreb": 0.8591549295774648, "dreb": 6.436619718309859, "totals": {"total_points": 1822.0, "total_rebounds": 518.0, "total_assists": 589.0, "total_steals": 89.0, "total_blocks": 38.0, "total_minutes": 2504.0}}, {"season": "2022-23", "team": "LAL", "games_played": 55, "games_started": 54, "min": 35.527272727272724, "pts": 28.90909090909091, "reb": 8.309090909090909, "ast": 6.818181818181818, "stl": 0.9090909090909091, "blk": 0.5818181818181818, "turnover": 3.2363636363636363, "fg_pct": 0.5, "fg3_pct": 0.321, "ft_pct": 0.768, "off_rating": 0.0, "def_rating": 0.0, "fg_m": 11.072727272727272, "fg_a": 22.163636363636364, "fg3_m": 2.2, "fg3_a": 6.8545454545454545, "ft_m": 4.5636363636363635, "ft_a": 5.945454545454545, "oreb": 1.1818181818181819, "dreb": 7.127272727272727, "totals": {"total_points": 1590.0, "total_rebounds": 457.0, "total_assists": 375.0, "total_steals": 50.0, "total_blocks": 32.0, "total_minutes": 1954.0}}, {"season": "2021-22", "team": "LAL", "games_played": 56, "games_started": 56, "min": 37.214285714285715, "pts": 30.267857142857142, "reb": 8.196428571428571, "ast": 6.232142857142857, "stl": 1.3035714285714286, "blk": 1.0535714285714286, "turnover": 3.5, "fg_pct": 0.524, "fg3_pct": 0.359, "ft_pct": 0.756, "off_rating": 0.0, "def_rating": 0.0, "fg_m": 11.428571428571429, "fg_a": 21.803571428571427, "fg3_m": 2.875, "fg3_a": 8.0, "ft_m": 4.535714285714286, "ft_a": 6.0, "oreb": 1.125, "dreb": 7.071428571428571, "totals": {"total_points": 1695.0, "total_rebounds": 459.0, "total_assists": 349.0, "total_steals": 73.0, "total_blocks": 59.0, "total_minutes": 2084.0}}, {"season": "2020-21", "team": "LAL", "games_played": 45, "games_started": 45, "min": 33.422222222222224, "pts": 25.022222222222222, "reb": 7.688888888888889, "ast": 7.777777777777778, "stl": 1.0666666666666667, "blk": 0.5555555555555556, "turnover": 3.7333333333333334, "fg_pct": 0.513, "fg3_pct": 0.365, "ft_pct": 0.698, "off_rating": 0.0, "def_rating": 0.0, "fg_m": 9.377777777777778, "fg_a": 18.288888888888888, "fg3_m": 2.311111111111111, "fg3_a": 6.333333333333333, "ft_m": 3.9555555555555557, "ft_a": 5.666666666666667, "oreb": 0.6444444444444445, "dreb": 7.044444444444444, "totals": {"total_points": 1126.0, "total_rebounds": 346.0, "total_assists": 350.0, "total_steals": 48.0, "total_blocks": 25.0, "total_minutes": 1504.0}}, {"season": "2019-20", "team": "LAL", "games_played": 67, "games_started": 67, "min": 34.56716417910448, "pts": 25.34328358208955, "reb": 7.835820895522388, "ast": 10.208955223880597, "stl": 1.164179104477612, "blk": 0.5373134328358209, "turnover": 3.8955223880597014, "fg_pct": 0.493, "fg3_pct": 0.348, "ft_pct": 0.693, "off_rating": 0.0, "def_rating": 0.0, "fg_m": 9.597014925373134, "fg_a": 19.44776119402985, "fg3_m": 2.208955223880597, "fg3_a": 6.343283582089552, "ft_m": 3.9402985074626864, "ft_a": 5.686567164179104, "oreb": 0.9850746268656716, "dreb": 6.850746268656716, "totals": {"total_points": 1698.0, "total_rebounds": 525.0, "total_assists": 684.0, "total_steals": 78.0, "total_blocks": 36.0, "total_minutes": 2316.0}}, {"season": "2018-19", "team": "LAL", "games_played": 55, "games_started": 55, "min": 35.21818181818182, "pts": 27.363636363636363, "reb": 8.454545454545455, "ast": 8.254545454545454, "stl": 1.309090909090909, "blk": 0.6, "turnover": 3.581818181818182, "fg_pct": 0.51, "fg3_pct": 0.339, "ft_pct": 0.665, "off_rating": 0.0, "def_rating": 0.0, "fg_m": 10.145454545454545, "fg_a": 19.90909090909091, "fg3_m": 2.018181818181818, "fg3_a": 5.945454545454545, "ft_m": 5.054545454545455, "ft_a": 7.6, "oreb": 1.0363636363636364, "dreb": 7.418181818181818, "totals": {"total_points": 1505.0, "total_rebounds": 465.0, "total_assists": 454.0, "total_steals": 72.0, "total_blocks": 33.0, "total_minutes": 1937.0}}, {"season": "2017-18", "team": "CLE", "games_played": 82, "games_started": 82, "min": 36.90243902439025, "pts": 27.451219512195124, "reb": 8.646341463414634, "ast": 9.109756097560975, "stl": 1.4146341463414633, "blk": 0.8658536585365854, "turnover": 4.2317073170731705, "fg_pct": 0.542, "fg3_pct": 0.367, "ft_pct": 0.731, "off_rating": 0.0, "def_rating": 0.0, "fg_m": 10.451219512195122, "fg_a": 19.26829268292683, "fg3_m": 1.8170731707317074, "fg3_a": 4.951219512195122, "ft_m": 4.7317073170731705, "ft_a": 6.475609756097561, "oreb": 1.1829268292682926, "dreb": 7.463414634146342, "totals": {"total_points": 2251.0, "total_rebounds": 709.0, "total_assists": 747.0, "total_steals": 116.0, "total_blocks": 71.0, "total_minutes": 3026.0}}, {"season": "2016-17", "team": "CLE", "games_played": 74, "games_started": 74, "min": 37.770270270270274, "pts": 26.405405405405407, "reb": 8.635135135135135, "ast": 8.72972972972973, "stl": 1.2432432432432432, "blk": 0.5945945945945946, "turnover": 4.094594594594595, "fg_pct": 0.548, "fg3_pct": 0.363, "ft_pct": 0.674, "off_rating": 0.0, "def_rating": 0.0, "fg_m": 9.945945945945946, "fg_a": 18.16216216216216, "fg3_m": 1.6756756756756757, "fg3_a": 4.621621621621622, "ft_m": 4.837837837837838, "ft_a": 7.175675675675675, "oreb": 1.3108108108108107, "dreb": 7.324324324324325, "totals": {"total_points": 1954.0, "total_rebounds": 639.0, "total_assists": 646.0, "total_steals": 92.0, "total_blocks": 44.0, "total_minutes": 2795.0}}, {"season": "2015-16", "team": "CLE", "games_played": 76, "games_started": 76, "min": 35.64473684210526, "pts": 25.263157894736842, "reb": 7.434210526315789, "ast": 6.7631578947368425, "stl": 1.368421052631579, "blk": 0.6447368421052632, "turnover": 3.276315789473684, "fg_pct": 0.52, "fg3_pct": 0.309, "ft_pct": 0.731, "off_rating": 0.0, "def_rating": 0.0, "fg_m": 9.697368421052632, "fg_a": 18.63157894736842, "fg3_m": 1.144736842105263, "fg3_a": 3.710526315789474, "ft_m": 4.723684210526316, "ft_a": 6.4605263157894735, "oreb": 1.4605263157894737, "dreb": 5.973684210526316, "totals": {"total_points": 1920.0, "total_rebounds": 565.0, "total_assists": 514.0, "total_steals": 104.0, "total_blocks": 49.0, "total_minutes": 2709.0}}, {"season": "2014-15", "team": "CLE", "games_played": 69, "games_started": 69, "min": 36.130434782608695, "pts": 25.26086956521739, "reb": 6.028985507246377, "ast": 7.405797101449275, "stl": 1.5797101449275361, "blk": 0.7101449275362319, "turnover": 3.9420289855072466, "fg_pct": 0.488, "fg3_pct": 0.354, "ft_pct": 0.71, "off_rating": 0.0, "def_rating": 0.0, "fg_m": 9.043478260869565, "fg_a": 18.536231884057973, "fg3_m": 1.7391304347826086, "fg3_a": 4.913043478260869, "ft_m": 5.434782608695652,